unkempt,structure
filthy,structure
dirty,structure
apartment,structure
box,structure
building,structure
condo,structure
condominium,structure
dwelling,structure
home,structure
mansion,structure
residence,structure
shack,structure
abode,structure
bullpen,structure
castle,structure
cave,structure
coop,structure
crib,structure
cubbyhole,structure
den,structure
diggings,structure
digs,structure
domicile,structure
dump,structure
edifice,structure
flat,structure
flophouse,structure
habitation,structure
homestead,structure
joint,structure
kennel,structure
layout,structure
lean-to,structure
pad,structure
pigpen,structure
pigsty,structure
rack,structure
residency,structure
roof,structure
roost,structure
setup,structure
shanty,structure
turf,structure
commorancy,structure
crash pad,structure
address,structure
base,structure
casa,structure
crash,structure
domicile,structure
dwelling,structure
flat,structure
flop,structure
habitat,structure
haunt,structure
headquarters,structure
hearth,structure
hole,structure
house,structure
joint,structure
lodging,structure
quarters,structure
residence,structure
roost,structure
sanctuary,structure
seat,structure
board,structure
entertain,structure
furnish,structure
harbor,structure
hold,structure
put up,structure
receive,structure
rent,structure
shelter,structure
supply,structure
welcome,structure
bill,money
capital,money
cash,money
check,money
fund,money
pay,money
payment,money
property,money
salary,money
wage,money
wealth,money
banknote,money
bankroll,money
bread,money
bucks,money
chips,money
coin,money
coinage,money
dough,money
finances,money
funds,money
gold,money
gravy,money
greenback,money
loot,money
pesos,money
resources,money
riches,money
roll,money
silver,money
treasure,money
wad,money
wherewithal,money
dollar,money
tender,money
exchange,money
debt,money
loan,money
bank,money
economic,money
fiscal,money
pecuniary,money
expended,money
mercenary,money
pecunious,money
expending,money
monetary,money
priced,money
financial,money
numismatical,money
advocate,money
benefactor,money
champion,money
endorser,money
follower,money
grubstaker,money
meal ticket,money
money,money
patron,money
promoter,money
protagonist,money
sponsor,money
staker,money
underwriter,money
CD,money
IRA,money
business,money
estate,money
financing,money
fortune,money
interests,money
investment,money
kitty,money
means,money
money,money
nestegg,money
principal,money
savings,money
stake,money
stock,money
substance,money
treasure,money
assets,money
money market,money
finance,money
supplies,money
needful ,money
cash,money
change,money
coinage,money
copper,money
currency,money
doubloon,money
jack,money
tender,money
metermoney,money
mintage,money
piece,money
scratch,money
smallchange,money
accounts,money
banking,money
business,money
commerce,money
economics,money
bread,food
cooking,food
cuisine,food
drink,food
fare,food
feed,food
foodstuff,food
meal,food
meat,food
snack,food
aliment,food
bite,food
board,food
cheer,food
chow,food
comestible,food
cookery,food
diet,food
eatable,food
eats,food
fodder,food
goodies,food
grit,food
groceries,food
grub,food
handout,food
keep,food
larder,food
menu,food
mess,food
nourishment,food
nutriment,food
nutrition,food
pabulum,food
provision,food
ration,food
refreshment,food
slop,food
store,food
subsistence,food
support,food
sustenance,food
table,food
tuck,food
fastfood,food
feast,food
takeout,food
deprivation,food
beverage,food
drink,food
dailybread,food
eats,food
fare,food
food,food
provisions,food
victuals,food
course,food
eats,food
food,food
recipe,food
serving,food
energy,food
fitness,health
strength,health
well-being,health
bloom,health
complexion,health
constitution,health
euphoria,health
fettle,health
form,health
haleness,health
hardihood,health
hardiness,health
healthfulness,health
healthiness,health
lustiness,health
pink,health
prime,health
robustness,health
salubriousness,health
salubrity,health
shape,health
soundness,health
stamina,health
state,health
tone,health
tonicity,health
verdure,health
vigor,health
wholeness,health
clean bill,health
eupepsia,health
fine feather,health
good condition,health
lethargy,health
weakness,health
disease,health
illness,health
infirmity,health
appearance,health
aspect,health
build,health
health,health
kilter,health
mint,health
order,health
phase,health
repair,health
status,health
trim,health
good health,health
sickness,health
benefit,welfare
progress,welfare
well-being,welfare
abundance,welfare
advantage,welfare
contentment,welfare
ease,welfare
euphoria,welfare
felicity,welfare
good,welfare
luck,welfare
profit,welfare
satisfaction,welfare
success,welfare
thriving,welfare
disadvantage,welfare
depression,welfare
discontent,welfare
dissatisfaction,welfare
loss,welfare
misery,welfare
restriction,welfare
sadness,welfare
sorrow,welfare
unhappiness,welfare
woe,welfare
account,welfare
aid,welfare
assistance,welfare
cause,welfare
concern,welfare
countenance,welfare
defense,welfare
encouragement,welfare
favor,welfare
furtherance,welfare
good,welfare
help,welfare
part,welfare
place,welfare
profit,welfare
recommendation,welfare
representation,welfare
sake,welfare
service,welfare
side,welfare
stead,welfare
support,welfare
welfare,welfare
asset,welfare
avail,welfare
betterment,welfare
gain,welfare
godsend,welfare
good,welfare
gravy,welfare
help,welfare
interest,welfare
perk,welfare
profit,welfare
prosperity,welfare
worth,welfare
abundance,welfare
accomplishment,welfare
advantage,welfare
arrival,welfare
boom,welfare
clover,welfare
do,welfare
ease,welfare
easy street,welfare
exorbitance,welfare
expansion,welfare
fortune,welfare
good,welfare
good times,welfare
gravy train,welfare
growth,welfare
increase,welfare
inflation,welfare
interest,welfare
luxury,welfare
opulence,welfare
plenteousness,welfare
plenty,welfare
prosperousness,welfare
riches,welfare
success,welfare
successfulness,welfare
the good life,welfare
thriving,welfare
velvet,welfare
victory,welfare
wealth,welfare
behalf,welfare
consideration,welfare
profit,welfare
regard,welfare
respect,welfare
abhor,anger
abhorr,anger
abhorrence,anger
abhorrent,disgust
abominably,disgust
abominate,anger
abomination,anger
admir,joy
admir,surprise
admirable,joy
admirably,joy
admiration,joy
admiration,surprise
admire,joy
ador,joy
adorably,joy
adoration,joy
adoring,joy
affect,joy
affection,joy
affectional,joy
affectionate,joy
affectionateness,joy
affective,joy
affright,fear
afraid,fear
aggrav,anger
aggravate,anger
aggravated,anger
aggravation,anger
aggress,anger
aggression,anger
aggressive,anger
aggressiveness,anger
aggriev,sadness
aggrieve,sadness
alarm,fear
alarmed,fear
alert,fear
amat,joy
amative,joy
amatori,joy
amatory,joy
amaz,surprise
amaze,surprise
amazed,surprise
amazement,surprise
amazing,surprise
amazingly,surprise
amic,joy
amicability,joy
amicable,joy
amicableness,joy
amicably,joy
amok,anger
amor,joy
amorous,joy
amorousness,joy
amuck,anger
anger,anger
angered,anger
angri,anger
angrili,anger
angrily,anger
angry,anger
animos,anger
animosity,anger
animus,anger
annoy,anger
annoyance,anger
annoyed,anger
annoying,anger
antagon,anger
antagonism,anger
anticip,joy
anticipate,joy
anticipation,joy
anxious,fear
anxiously,fear
appal,fear
appall,fear
appreci,joy
appreciated,joy
apprehens,fear
apprehension,fear
apprehensive,fear
apprehensively,fear
apprehensiveness,fear
approb,joy
approbative,joy
approbatori,joy
approbatory,joy
approv,joy
approval,joy
approve,joy
approved,joy
approving,joy
ardor,joy
ardour,joy
astoni,surprise
astonied,surprise
astonish,surprise
astonished,surprise
astonishing,surprise
astonishingly,surprise
astonishment,surprise
astound,surprise
astounded,surprise
astounding,surprise
atroci,fear
atrocious,fear
attach,joy
attachment,joy
attrit,sadness
attrition,sadness
avarici,anger
avaricious,anger
avid,joy
avidity,joy
avidness,joy
aw,fear
aw,surprise
awe,surprise
awed,surprise
awestricken,surprise
awestruck,surprise
awful,fear
awful,surprise
awfully,fear
bad,sadness
bad_blood,anger
bad_temp,anger
bad_temper,anger
baffl,anger
baffl,surprise
baffle,surprise
baffled,anger
balk,anger
balked,anger
bang,joy
banter,joy
barrack,joy
bash,fear
bashfully,fear
be_on_cloud_nin,joy
be_on_cloud_nine,joy
beam,joy
beaming,joy
beat,surprise
becharm,joy
bedevil,anger
begrudg,anger
begrudge,anger
begrudging,anger
beguil,joy
beguile,joy
beguiled,joy
belliger,anger
belligerence,anger
belligerency,anger
belligerent,anger
belligerently,anger
belong,joy
belonging,joy
benef,joy
benefic,joy
beneficed,joy
beneficence,joy
beneficent,joy
benefici,joy
beneficially,joy
benevol,joy
benevolence,joy
benevolent,joy
benevolently,joy
bereav,sadness
bereaved,sadness
bereft,sadness
besot,surprise
bewild,surprise
bewilder,surprise
bewitch,joy
bewitching,joy
bitter,anger
bitterness,anger
blith,joy
blithely,joy
blitheness,joy
blue,sadness
blue_devil,sadness
blue_devils,sadness
bode,fear
boding,fear
bonheur,joy
bore,sadness
bored,sadness
bother,anger
bothersom,anger
bothersome,anger
brokenhearted,sadness
brokenheartedness,sadness
brood,anger
brother,joy
brotherhood,joy
brotherlik,joy
brotherlike,joy
brotherly,joy
browbeaten,fear
bulli,fear
bullied,fear
buoyanc,joy
buoyancy,joy
calf_lov,joy
calf_love,joy
captiv,joy
captivate,joy
captivated,joy
captivating,joy
captivation,joy
captur,joy
capture,joy
care,joy
carefre,joy
carefree,joy
carefreeness,joy
caring,joy
cast_down,sadness
catch,joy
chafe,anger
chaff,joy
charg,joy
charge,joy
charit,joy
charitable,joy
charm,joy
charmed,joy
cheer,joy
cheer_up,joy
cheerful,joy
cheerfully,joy
cheerfulness,joy
cheeri,joy
cheering,joy
cheerless,sadness
cheerlessly,sadness
cheerlessness,sadness
cheery,joy
chill,fear
chilling,fear
chirk_up,joy
choler,anger
choleric,anger
churn_up,disgust
class_feel,anger
class_feeling,anger
cliff-hang,fear
cliff-hang,joy
cliff-hanging,fear
cliff-hanging,joy
close,joy
closeness,joy
coldhearted,fear
coldheartedness,fear
comfort,joy
comfortable,joy
comfortableness,joy
comfortably,joy
comforting,joy
commend,joy
commendable,joy
compat,joy
compatibility,joy
compatible,joy
compatibly,joy
complac,joy
complacence,joy
complacency,joy
complacent,joy
compunct,sadness
compunction,sadness
concern,joy
congratul,joy
congratulate,joy
consol,joy
console,joy
constern,fear
consternation,fear
contemn,anger
content,joy
contented,joy
contentment,joy
contrit,sadness
contrite,sadness
contritely,sadness
contriteness,sadness
contrition,sadness
covet,anger
covetous,anger
covetously,anger
covetousness,anger
cow,fear
cowed,fear
cower,fear
crawl,fear
creep,fear
creeps,fear
cring,fear
cringe,fear
crucifi,anger
crucify,anger
cruel,fear
cruelli,fear
cruelly,fear
cruelti,fear
cruelty,fear
crush,joy
dander,anger
dark,sadness
dash,fear
daunt,fear
daze,surprise
dazed,surprise
deject,sadness
delight,joy
delighted,joy
demor,sadness
demoralis,sadness
demoralising,sadness
demoralization,sadness
demoralize,sadness
demoralized,sadness
demoralizing,sadness
deplor,sadness
deplorable,sadness
deplorably,sadness
depress,sadness
depressed,sadness
depressing,sadness
depression,sadness
depressive,sadness
desol,sadness
desolate,sadness
desolation,sadness
despair,sadness
despairingly,sadness
despis,anger
despisal,anger
despise,anger
despising,anger
despit,anger
despiteful,anger
despond,sadness
despondence,sadness
despondency,sadness
despondent,sadness
despondently,sadness
detest,anger
detest,disgust
detestable,disgust
detestably,disgust
detestation,anger
devil,anger
devot,joy
devoted,joy
devotedness,joy
devotion,joy
diffid,fear
diffidence,fear
diffident,fear
diffidently,fear
dingi,sadness
dingy,sadness
dire,fear
direful,fear
disconsol,sadness
disconsolate,sadness
disconsolateness,sadness
discourag,anger
discourag,sadness
discouraged,anger
discouraged,sadness
disdain,anger
disgust,disgust
disgusted,disgust
disgustedly,disgust
disgustful,disgust
disgusting,disgust
disgustingly,disgust
dishearten,sadness
disheartened,sadness
disheartening,sadness
dismal,sadness
dismay,fear
dismay,sadness
dispirit,sadness
dispirited,sadness
dispiritedness,sadness
dispiriting,sadness
displeas,anger
displease,anger
displeased,anger
displeasing,anger
displeasingly,anger
displeasur,anger
displeasure,anger
distast,disgust
distasteful,disgust
distastefully,disgust
distress,sadness
distressed,sadness
dole,sadness
doleful,sadness
dolefully,sadness
dolefulness,sadness
dolor,sadness
dolorous,sadness
dolour,sadness
dolourous,sadness
down,sadness
downcast,sadness
downheart,sadness
downhearted,sadness
downheartedness,sadness
downtrodden,sadness
drab,sadness
dread,fear
dreaded,fear
dreadful,fear
dreadfully,fear
drear,sadness
dreari,sadness
dreary,sadness
dudgeon,anger
dumbfound,surprise
dumbfounded,surprise
dumfound,surprise
dumfounded,surprise
dun,anger
dysphor,sadness
dysphoria,sadness
dysphoric,sadness
eager,joy
eagerly,joy
eagerness,joy
ebulli,joy
ebullient,joy
ebulliently,joy
elan,joy
elat,joy
elate,joy
elated,joy
elating,joy
elation,joy
embolden,joy
emot,joy
emotive,joy
empath,joy
empathet,joy
empathetic,joy
empathetically,joy
empathi,joy
empathic,joy
empathy,joy
enamor,joy
enamored,joy
enamoredness,joy
enamour,joy
enchant,joy
enchanting,joy
enchantment,joy
endear,joy
endearingly,joy
enfuri,anger
enfuriate,anger
enjoy,joy
enmiti,anger
enmity,anger
enrag,anger
enraged,anger
enragement,anger
enthral,joy
enthralled,joy
enthralling,joy
enthrallment,joy
enthusiasm,joy
enthusiast,joy
enthusiastic,joy
enthusiastically,joy
entranc,joy
entrance,joy
entranced,joy
entrancing,joy
envi,anger
enviabl,anger
enviable,anger
enviably,anger
envious,anger
enviously,anger
enviousness,anger
envy,anger
esteem,joy
euphor,joy
euphori,joy
euphoria,joy
euphoriant,joy
euphoric,joy
evil,anger
exacerb,anger
exacerbate,anger
exalt,joy
exasper,anger
exasperate,anger
exasperating,anger
exasperation,anger
excit,joy
excitement,joy
exciting,joy
execr,anger
execr,sadness
execrable,sadness
execrate,anger
execration,anger
exhilar,joy
exhilarate,joy
exhilarated,joy
exhilarating,joy
exhilaration,joy
exhort,joy
expans,joy
expansively,joy
expect,joy
expectancy,joy
exuber,joy
exuberance,joy
exuberant,joy
exuberantly,joy
exult,joy
exultant,joy
exultantly,joy
exultation,joy
exulting,joy
exultingly,joy
fanci,joy
fancy,joy
fantast,surprise
fantastic,surprise
fascin,joy
fascinate,joy
fascinating,joy
fascination,joy
favor,joy
favorable,joy
favorably,joy
favour,joy
favourable,joy
favourably,joy
fawn,fear
fear,fear
fearful,fear
fearfully,fear
fearfulness,fear
fearsom,fear
fearsome,fear
fed_up,disgust
feeling_of_ident,joy
feeling_of_identity,joy
fellow_feel,joy
fellow_feeling,joy
festal,joy
festiv,joy
festive,joy
fit,anger
flabbergast,surprise
flabbergasted,surprise
flummox,surprise
flush,joy
fond,joy
fond_regard,joy
fondly,joy
fondness,joy
forebod,fear
foreboding,fear
forlorn,sadness
forlornly,sadness
forlornness,sadness
foul,disgust
fratern,joy
fraternal,joy
friend,joy
friendli,joy
friendliness,joy
friendly,joy
fright,fear
frighten,fear
frighten_away,fear
frighten_off,fear
frightened,fear
frightening,fear
frighteningly,fear
frightful,fear
frustrat,anger
frustrate,anger
frustrated,anger
frustrating,anger
frustration,anger
fulfil,joy
fulfill,joy
fulfillment,joy
fulfilment,joy
furi,anger
furious,anger
furiously,anger
fury,anger
gaieti,joy
gaiety,joy
gala,joy
gall,anger
galling,anger
gay,joy
gayli,joy
gayly,joy
get,surprise
get_at,anger
get_down,sadness
get_to,anger
giving_protect,joy
giving_protection,joy
glad,joy
gladden,joy
gladdened,joy
gladfulness,joy
gladness,joy
gladsom,joy
gladsome,joy
gladsomeness,joy
glee,joy
gleeful,joy
gleefulli,joy
gleefully,joy
gleefulness,joy
gloat,joy
gloating,joy
gloatingly,joy
gloom,sadness
gloomful,sadness
gloomi,sadness
gloomili,sadness
gloomily,sadness
gloominess,sadness
glooming,sadness
gloomy,sadness
glum,sadness
godforsaken,sadness
good,joy
good_wil,joy
good_will,joy
goodwil,joy
goodwill,joy
grabbi,anger
grabby,anger
grasp,anger
grasping,anger
gratifi,joy
gratify,joy
gratifying,joy
gratifyingly,joy
gravel,anger
gravel,surprise
great,joy
greedi,anger
greedy,anger
green-ey,anger
green-eyed,anger
green-eyed_monst,anger
green-eyed_monster,anger
grief,sadness
grief-stricken,sadness
griev,sadness
grievanc,anger
grievance,anger
grieve,sadness
grieving,sadness
grievous,sadness
grievously,sadness
grim,sadness
grizzl,anger
grizzle,anger
grovel,fear
grudg,anger
grudge,anger
grudging,anger
guilt,sadness
guilt_feel,sadness
guilt_feelings,sadness
guilt_trip,sadness
guilti,sadness
guilty,sadness
guilty_consci,sadness
guilty_conscience,sadness
gusto,joy
hackl,anger
hackles,anger
hangdog,fear
hangdog,sadness
hapless,sadness
happi,joy
happili,joy
happily,joy
happiness,joy
happy,joy
harass,anger
harass,sadness
harassed,anger
harassment,anger
hardheart,fear
hardhearted,fear
hardheartedness,fear
harri,anger
harried,anger
hate,anger
hateful,anger
hatefully,anger
hatr,anger
hatred,anger
heart,joy
heartach,sadness
heartache,sadness
heartbreak,sadness
heartbreaking,sadness
heartburn,anger
heartburning,anger
hearten,joy
heartless,fear
heartlessly,fear
heartlessness,fear
heartrend,sadness
heartrending,sadness
heartsick,sadness
heartsickness,sadness
heavyheart,sadness
heavyhearted,sadness
heavyheartedness,sadness
helpless,sadness
helplessness,sadness
hero_worship,joy
hesit,fear
hesitance,fear
hesitancy,fear
hesitantly,fear
hesitatingly,fear
hideous,disgust
hideous,fear
hideously,fear
high_dudgeon,anger
high_spirit,joy
high_spirits,joy
high-spirit,joy
high-spirited,joy
hilar,joy
hilari,joy
hilarious,joy
hilariously,joy
hilarity,joy
horrend,fear
horrendous,fear
horribl,fear
horrible,fear
horribly,fear
horrid,fear
horridly,fear
horrif,fear
horrifi,fear
horrific,fear
horrified,fear
horrify,fear
horrifying,fear
horrifyingly,fear
horror,disgust
horror,fear
horror-stricken,fear
horror-struck,fear
hostil,anger
hostile,anger
hostilely,anger
hostility,anger
howl,surprise
howling,surprise
huffi,anger
huffili,anger
huffily,anger
huffiness,anger
huffish,anger
huffishness,anger
huffy,anger
hyster,fear
hysteria,fear
hysterical,fear
hysterically,fear
identif,joy
identifi,joy
identification,joy
identify,joy
ill_temp,anger
ill_temper,anger
ill_wil,anger
ill_will,anger
impress,joy
in_awe_of,surprise
incens,anger
incense,anger
incensed,anger
indign,anger
indignant,anger
indignantly,anger
indignation,anger
infatu,joy
infatuation,joy
infuri,anger
infuriate,anger
infuriated,anger
infuriating,anger
infuriation,anger
insouci,joy
insouciance,joy
inspir,joy
inspire,joy
interest,joy
intimaci,joy
intimacy,joy
intimid,fear
intimidate,fear
intimidated,fear
intimidation,fear
intox,joy
intoxicate,joy
irasc,anger
irascibility,anger
irascible,anger
ire,anger
irrit,anger
irritate,anger
irritated,anger
irritating,anger
irritation,anger
jealous,anger
jealousi,anger
jealously,anger
jealousy,anger
jocular,joy
jocularity,joy
jocund,joy
jocundity,joy
jolli,joy
jolliti,joy
jollity,joy
jolly,joy
jolly_along,joy
jolly_up,joy
jovial,joy
joviality,joy
joy,joy
joyful,joy
joyfully,joy
joyfulness,joy
joyless,sadness
joylessly,sadness
joylessness,sadness
joyous,joy
joyously,joy
joyousness,joy
jubil,joy
jubilance,joy
jubilancy,joy
jubilant,joy
jubilantly,joy
jubilate,joy
jubilation,joy
jump_for_joy,joy
keen,joy
keenness,joy
kick,joy
kid,joy
kind,joy
kindheart,joy
kindhearted,joy
kindheartedness,joy
kindly,joy
lachrymos,sadness
lachrymose,sadness
laden,sadness
lament,sadness
lamentably,sadness
laudabl,joy
laudably,joy
lift_up,joy
lighthearted,joy
lightheartedness,joy
lightsom,joy
lightsomeness,joy
likabl,joy
likable,joy
like,joy
likeabl,joy
likeable,joy
liking,joy
live_up_to,joy
livid,anger
lividity,anger
lividly,anger
loath,anger
loath,disgust
loathe,anger
loathing,anger
loathly,disgust
loathsom,disgust
loathsome,disgust
loneli,sadness
loneliness,sadness
long-fac,sadness
long-faced,sadness
look_for,joy
look_to,joy
look_up_to,joy
lorn,sadness
love,joy
lovesom,joy
lovesome,joy
loving,joy
lovingly,joy
lovingness,joy
low,sadness
low-spirit,sadness
low-spirited,sadness
low-spiritedness,sadness
loyalti,joy
loyalty,joy
mad,anger
madden,anger
maddened,anger
maddening,anger
madness,anger
malef,anger
malefic,anger
maleficence,anger
malevol,anger
malevolence,anger
malevolent,anger
malevolently,anger
malic,anger
malice,anger
malici,anger
malicious,anger
maliciously,anger
maliciousness,anger
malign,anger
malignity,anger
marvel,surprise
marvellously,surprise
marvelous,surprise
marvelously,surprise
melanchol,sadness
melancholi,sadness
melancholic,sadness
melancholy,sadness
merciless,fear
mercilessness,fear
merri,joy
merrili,joy
merrily,joy
merriment,joy
merry,joy
mirth,joy
mirthful,joy
mirthfully,joy
mirthfulness,joy
misanthrop,anger
misanthropi,anger
misanthropic,anger
misanthropical,anger
misanthropy,anger
miser,sadness
miserable,sadness
miserably,sadness
miseri,sadness
misery,sadness
misfortun,sadness
misfortunate,sadness
misocainea,anger
misogami,anger
misogamy,anger
misogyn,anger
misogyni,anger
misogynic,anger
misogynism,anger
misogyny,anger
misolog,anger
misology,anger
mison,anger
misoneism,anger
misopedia,anger
monstrous,fear
monstrously,fear
mourn,sadness
mournful,sadness
mournfully,sadness
mournfulness,sadness
mourning,sadness
move,joy
murder,anger
murderously,anger
murderousness,anger
mystifi,surprise
mystify,surprise
nark,anger
nausea,disgust
nauseat,disgust
nauseate,disgust
nauseated,disgust
nauseating,disgust
nauseous,disgust
near,joy
nettl,anger
nettle,anger
nettled,anger
nettlesom,anger
nettlesome,anger
nigh,joy
noisom,disgust
noisome,disgust
nonplus,surprise
obscen,disgust
obscene,disgust
occupi,joy
occupy,joy
odious,disgust
odiously,disgust
odium,anger
offend,anger
offens,anger
offens,disgust
offense,anger
offensive,disgust
offering_protect,joy
offering_protection,joy
oppress,anger
oppress,sadness
oppressed,sadness
oppression,sadness
oppressive,sadness
oppressively,sadness
oppressiveness,sadness
outrag,anger
outrag,fear
outrage,anger
outraged,anger
outrageous,fear
overjeal,anger
overjealous,anger
pall,fear
panic,fear
panic_attack,fear
panic-stricken,fear
panic-struck,fear
panick,fear
panicked,fear
panicki,fear
panicky,fear
partial,joy
partiality,joy
pathet,sadness
pathetic,sadness
peev,anger
peeved,anger
penanc,sadness
penance,sadness
penchant,joy
penit,sadness
penitence,sadness
penitent,sadness
penitenti,sadness
penitentially,sadness
penitently,sadness
pep_up,joy
perki,joy
perkiness,joy
perplex,surprise
persecut,anger
persecut,sadness
persecute,anger
persecute,sadness
persecuted,sadness
peski,anger
pesky,anger
pester,anger
pestered,anger
pestering,anger
pestifer,anger
pestiferous,anger
pick_up,joy
piqu,anger
pique,anger
piss,anger
pissed,anger
piteous,sadness
piti,sadness
pitiabl,sadness
pitiable,sadness
pitiful,sadness
pitiless,fear
pitilessness,fear
pitying,sadness
plaguey,anger
plaguy,anger
plaintiv,sadness
plaintive,sadness
plaintively,sadness
plaintiveness,sadness
pleas,joy
pleased,joy
pleasing,joy
poor,sadness
pout,anger
praiseworthili,joy
praiseworthily,joy
predilect,joy
predilection,joy
preen,joy
prefer,joy
preference,joy
prehensil,anger
prehensile,anger
premonit,fear
premonition,fear
presag,fear
presage,fear
presenti,fear
presentiment,fear
pride,joy
prideful,joy
protect,joy
protective,joy
protectively,joy
protectiveness,joy
proud,joy
proudly,joy
provok,anger
provoked,anger
puppy_lov,joy
puppy_love,joy
puzzl,surprise
puzzle,surprise
queasi,disgust
queasy,disgust
quick_temp,anger
quick_temper,anger
rag,anger
rage,anger
rancor,anger
rancour,anger
rapport,joy
rattl,surprise
rattling,surprise
recreat,joy
recreate,joy
regard,joy
regret,sadness
regretful,sadness
rejoic,joy
rejoice,joy
rejoicing,joy
relish,joy
remors,sadness
remorse,sadness
remorseful,sadness
remorsefully,sadness
repel,disgust
repellant,disgust
repellent,disgust
repent,sadness
repentance,sadness
repentant,sadness
repentantly,sadness
repugn,disgust
repugnance,disgust
repugnant,disgust
repuls,disgust
repulse,disgust
repulsion,disgust
repulsive,disgust
repulsively,disgust
resent,anger
resentful,anger
resentfully,anger
resentment,anger
respect,joy
revel,joy
reveng,anger
revengefully,anger
revolt,disgust
revolting,disgust
revoltingly,disgust
revuls,disgust
revulsion,disgust
rile,anger
riled,anger
riotous,joy
riotously,joy
roil,anger
roiled,anger
romant,joy
romantic,joy
rue,sadness
rueful,sadness
ruefulli,sadness
ruefully,sadness
ruefulness,sadness
rush,joy
ruth,sadness
ruthfulness,sadness
ruthless,fear
ruthlessness,fear
sad,sadness
sadden,sadness
saddening,sadness
sadly,sadness
sadness,sadness
satiabl,joy
satiable,joy
satisfact,joy
satisfaction,joy
satisfactori,joy
satisfactorili,joy
satisfactorily,joy
satisfactory,joy
satisfi,joy
satisfiable,joy
satisfied,joy
satisfy,joy
satisfying,joy
satisfyingly,joy
scare,fear
scare_away,fear
scare_off,fear
scared,fear
scarey,fear
scari,fear
scarili,fear
scarily,fear
scary,fear
scene,anger
schadenfreud,joy
schadenfreude,joy
score,anger
scorn,anger
scream,joy
screaming,joy
see_r,anger
see_red,anger
self-complac,joy
self-complacency,joy
self-distrust,fear
self-doubt,fear
self-piti,sadness
self-pity,sadness
self-reproach,sadness
self-satisfact,joy
self-satisfaction,joy
self-satisfi,joy
self-satisfied,joy
shadow,fear
shame,sadness
shamed,sadness
shamefac,sadness
shamefaced,sadness
shi,fear
shiveri,fear
shivery,fear
short_temp,anger
short_temper,anger
shudderi,fear
shuddery,fear
shy,fear
shyli,fear
shyly,fear
shyness,fear
sick,disgust
sick_of,disgust
sicken,disgust
sickening,disgust
sickeningly,disgust
sickish,disgust
smug,joy
smugness,joy
soft_spot,joy
soft-boil,joy
soft-boiled,joy
softheart,joy
softhearted,joy
softheartedness,joy
solac,joy
solace,joy
somber,sadness
somberness,sadness
sooth,joy
soothe,joy
sore,anger
sorri,sadness
sorrow,sadness
sorrowful,sadness
sorrowfully,sadness
sorrowfulness,sadness
sorrowing,sadness
sorry,sadness
sorry_for,sadness
spite,anger
spiteful,anger
spitefulness,anger
spleen,anger
stage_fright,fear
stagger,surprise
staggering,surprise
stew,anger
stimul,joy
stimulating,joy
strike,joy
stun,surprise
stung,anger
stunned,surprise
stupefact,surprise
stupefaction,surprise
stupefi,surprise
stupefied,surprise
stupefy,surprise
stupefying,surprise
stupid,surprise
stupifi,surprise
stupify,surprise
suffer,sadness
suffering,sadness
sulk,anger
sulki,anger
sulkiness,anger
sulky,anger
sunni,joy
sunny,joy
superbl,surprise
superbly,surprise
surpris,surprise
surprise,surprise
surprised,surprise
surprisedly,surprise
surprising,surprise
surprisingly,surprise
suspens,fear
suspens,joy
suspense,fear
suspense,joy
suspenseful,fear
suspenseful,joy
suspensive,fear
suspensive,joy
sympathet,joy
sympathetic,joy
sympathetically,joy
sympathi,joy
sympathy,joy
tantal,anger
tantalize,anger
tantrum,anger
tast,joy
taste,joy
tear,sadness
tearful,sadness
tearfulness,sadness
teas,anger
teas,joy
teased,joy
teasing,anger
temper,anger
tender,joy
tenderness,joy
terribl,fear
terrible,fear
terrif,surprise
terrifi,fear
terrific,surprise
terrifically,surprise
terrified,fear
terror,fear
the_green-eyed_monst,anger
the_green-eyed_monster,anger
thirstili,joy
thirstily,joy
thrill,joy
thunderstruck,surprise
tickl,joy
tickle,joy
timid,fear
timidity,fear
timidly,fear
timidness,fear
timor,fear
timorous,fear
timorously,fear
timorousness,fear
tired_of,disgust
titil,joy
titillate,joy
titillated,joy
titillating,joy
titillation,joy
togeth,joy
togetherness,joy
top,surprise
toppingly,surprise
torment,anger
tranc,joy
trance,joy
tremend,surprise
tremendous,surprise
trepid,fear
trepidation,fear
trepidly,fear
triumph,joy
triumphal,joy
triumphant,joy
triumphantly,joy
trounc,surprise
trounce,surprise
turn_off,disgust
tyrann,sadness
tyrannical,sadness
tyrannous,sadness
ugli,fear
ugly,fear
umbrag,anger
umbrage,anger
umbrageous,anger
unassert,fear
unassertive,fear
unassertively,fear
unassertiveness,fear
uncheer,sadness
uncheerful,sadness
uncheerfulness,sadness
uneasili,fear
uneasily,fear
unhappi,sadness
unhappiness,sadness
unhappy,sadness
unkind,fear
unsur,fear
unsure,fear
unworri,joy
unworried,joy
uplift,joy
uproari,joy
uproarious,joy
uproariously,joy
urg,joy
urge,joy
urge_on,joy
veng,anger
vengefully,anger
vengefulness,anger
venom,anger
vex,anger
vexat,anger
vexati,anger
vexation,anger
vexatious,anger
vexed,anger
vexing,anger
vile,disgust
vindict,anger
vindictive,anger
vindictively,anger
vindictiveness,anger
walk_on_air,joy
wallow,joy
warm,joy
warmheart,joy
warmhearted,joy
warmheartedness,joy
warmth,joy
warpath,anger
weak,joy
weakness,joy
weep,sadness
weepi,sadness
weepiness,sadness
weeping,sadness
weight,sadness
weltschmerz,sadness
wick,disgust
wicked,disgust
with_empathi,joy
with_empathy,joy
with_happi,joy
with_happiness,joy
with_hostil,anger
with_hostility,anger
with_prid,joy
with_pride,joy
with_sympathi,joy
with_sympathy,joy
woe,sadness
woebegon,sadness
woebegone,sadness
woeful,sadness
woefulli,sadness
woefully,sadness
woefulness,sadness
wonder,surprise
wonderful,surprise
wonderfully,surprise
wonderment,surprise
wondrous,surprise
wondrously,surprise
world-weari,sadness
world-weariness,sadness
world-weary,sadness
worri,joy
worry,joy
worship,joy
worshipful,joy
wrath,anger
wrathful,anger
wrathfully,anger
wretch,sadness
wretched,sadness
wroth,anger
wrothful,anger
yucki,disgust
yucky,disgust
zeal,joy
zealous,joy
zest,joy
zestfulness,joy
addressed,communication
advertised,communication
arbitrated,communication
arranged,communication
articulated,communication
authored,communication
clarified,communication
collaborated,communication
communicated,communication
composed,communication
condensed,communication
conferred,communication
consulted,communication
contacted,communication
conveyed,communication
convinced,communication
corresponded,communication
debated,communication
defined,communication
developed,communication
directed,communication
discussed,communication
drafted,communication
edited,communication
elicited,communication
enlisted,communication
explained,communication
expressed,communication
formulated,communication
furnished,communication
incorporated,communication
influenced,communication
interacted,communication
interpreted,communication
interviewed,communication
involved,communication
joined,communication
judged,communication
lectured,communication
listened,communication
marketed,communication
mediated,communication
moderated,communication
negotiated,communication
observed,communication
outlined,communication
participated,communication
persuaded,communication
presented,communication
promoted,communication
proposed,communication
publicised,communication
reconciled,communication
recruited,communication
referred,communication
reinforced,communication
reported,communication
resolved,communication
responded,communication
solicited,communication
specified,communication
spoke,communication
suggested,communication
summarized,communication
synthesized,communication
translated,communication
wrote ,communication
acted,creative
adapted,creative
began,creative
combined,creative
composed,creative
conceptualized,creative
condensed,creative
created,creative
customized,creative
designed,creative
developed,creative
directed,creative
displayed,creative
drew,creative
entertained,creative
established,creative
fashioned,creative
formulated,creative
founded,creative
illustrated,creative
initiated,creative
instituted,creative
integrated,creative
introduced,creative
invented,creative
modeled,creative
modelled,creative
modified,creative
originated,creative
performed,creative
photographed,creative
planned,creative
revised,creative
revitalized,creative
shaped,creative
solved ,creative
administered,data
adjusted,data
allocated,data
analyzed,data
appraised,data
assessed,data
audited,data
balanced,data
budgeted,data
calculated,data
computed,data
conserved,data
corrected,data
determined,data
developed,data
estimated,data
forecast,data
managed,data
marketed,data
measured,data
netted,data
planned,data
prepared,data
programmed,data
projected,data
qualified,data
reconciled,data
reduced,data
researched,data
retrieved,data
slashed,data
sliced ,data
adapted,helping
advocated,helping
aided,helping
answered,helping
arranged,helping
assessed,helping
assisted,helping
clarified,helping
coached,helping
collaborated,helping
contributed,helping
cooperated,helping
counselled,helping
demonstrated,helping
diagnosed,helping
educated,helping
encouraged,helping
ensured,helping
expedited,helping
facilitated,helping
familiarized,helping
furthered,helping
guided,helping
helped,helping
insured,helping
intervened,helping
motivated,helping
prevented,helping
provided,helping
referred,helping
rehabilitated,helping
represented,helping
resolved,helping
simplified,helping
supplied,helping
supported,helping
volunteered ,helping
administered,management
analyzed,management
appointed,management
approved,management
assigned,management
attained,management
authorized,management
chaired,management
considered,management
consolidated,management
contracted,management
controlled,management
converted,management
coordinated,management
decided,management
delegated,management
developed,management
directed,management
eliminated,management
emphasized,management
enforced,management
enhanced,management
established,management
executed,management
generated,management
handled,management
headed,management
hosted,management
improved,management
incorporated,management
increased,management
initiated,management
inspected,management
instituted,management
led,management
managed,management
merged,management
motivated,management
navigated,management
organized,management
originated,management
overhauled,management
oversaw,management
planned,management
presided,management
prioritized,management
produced,management
recommended,management
reorganized,management
replaced,management
restored,management
reviewed,management
scheduled,management
secured,management
selected,management
streamlined,management
strengthened,management
supervised,management
terminated,management
approved,organise
arranged ,organise
catalogued,organise
categorized,organise
charted,organise
classified,organise
coded,organise
collected,organise
compiled,organise
corrected,organise
corresponded,organise
distributed,organise
executed,organise
filed,organise
generated,organise
incorporated,organise
inspected,organise
logged,organise
maintained,organise
monitored,organise
obtained,organise
operated,organise
ordered,organise
organized,organise
prepared,organise
processed,organise
provided,organise
purchased,organise
recorded,organise
registered,organise
reserved,organise
responded,organise
reviewed,organise
routed,organise
scheduled,organise
screened,organise
submitted,organise
supplied,organise
standardized,organise
systematized,organise
updated,organise
validated,organise
verified,organise
analyzed,research
clarified,research
collected,research
compared,research
conducted,research
critiqued,research
detected,research
determined,research
diagnosed,research
evaluated,research
examined ,research
experimented,research
explored,research
extracted,research
formulated,research
gathered,research
inspected,research
interviewed,research
invented,research
investigated,research
located,research
measured,research
organized,research
researched,research
reviewed,research
searched,research
solved,research
summarized,research
surveyed,research
systematized,research
tested,research
adapted,teach
advised,teach
clarified,teach
coached,teach
communicated,teach
conducted,teach
coordinated,teach
critiqued,teach
developed,teach
enabled,teach
encouraged,teach
evaluated,teach
explained,teach
facilitated,teach
focused,teach
guided,teach
individualized,teach
informed,teach
instilled,teach
instructed,teach
motivated,teach
persuaded,teach
simulated,teach
stimulated,teach
taught,teach
tested,teach
trained,teach
transmitted,teach
tutored,teach
adapted,technical
applied,technical
assembled,technical
built,technical
calculated,technical
computed,technical
conserved,technical
constructed,technical
converted,technical
debugged,technical
designed,technical
determined,technical
developed,technical
engineered,technical
fabricated,technical
fortified,technical
installed,technical
maintained,technical
operated,technical
overhauled,technical
printed,technical
programmed,technical
rectified,technical
regulated,technical
remodelled,technical
repaired,technical
replaced,technical
restored,technical
solved,technical
specialized,technical
standardized,technical
studied,technical
upgraded,technical
utilized,technical
fight,unlawful
curse,unlawful
swear,unlawful
flash,unlawful
moon,unlawful
expose,unlawful
bully,unlawful
assault,unlawful
attack,unlawful
knife,unlawful
strangle,unlawful
shove,unlawful
push,unlawful
smoke,unlawful
sneak,unlawful
walk,unlawful
violate,unlawful
disrupt,unlawful
wear,unlawful
ride,unlawful
damage,unlawful
insult,unlawful
taunt,unlawful
impersonate,unlawful
commit,unlawful
damage,unlawful
lying,unlawful
lie,unlawful
aiding,unlawful
abetting,unlawful
arson,unlawful
assault,unlawful
bribery,unlawful
burglary,unlawful
abuse,unlawful
pornography,unlawful
conspiracy,unlawful
fraud,unlawful
disorderly,unlawful
conduct,unlawful
disturbing,unlawful
violence,unlawful
trafficking,unlawful
embezzlement,unlawful
extortion,unlawful
forgery,unlawful
fraud,unlawful
harassment,unlawful
hate,unlawful
kidnapping,unlawful
laundering,unlawful
murder,unlawful
perjury,unlawful
prostitution,unlawful
intoxication,unlawful
rape,unlawful
robbery,unlawful
assault,unlawful
shoplifting,unlawful
solicitation,unlawful
soliciting,unlawful
stalking,unlawful
evasion,unlawful
theft,unlawful
vandalism,unlawful
know,knowledge
define,knowledge
memorize,knowledge
repeat,knowledge
record,knowledge
list,knowledge
recall,knowledge
name,knowledge
locate,knowledge
recite,knowledge
state,knowledge
relate,knowledge
collect,knowledge
label,knowledge
specify,knowledge
cite,knowledge
determine,comprehension
comprehend,comprehension
restate,comprehension
summarize,comprehension
discuss,comprehension
describe,comprehension
recognize,comprehension
explain,comprehension
express,comprehension
identify,comprehension
review,comprehension
match,comprehension
translate,comprehension
paraphrase,comprehension
convert,comprehension
exhibit,application
interview,application
apply,application
use,application
dramatize,application
illustrate,application
calculate,application
experiment,application
brainstorm,application
change,application
solve,application
simulate,application
employ,application
demonstrate,application
practice,application
operate,application
show,application
make,application
predict,application
relate,application
interpret,analysis
analyze,analysis
differentiate,analysis
compare,analysis
contrast,analysis
scrutinize,analysis
categorize,analysis
probe,analysis
investigate,analysis
discover,analysis
inquire,analysis
detect,analysis
infer,analysis
inspect,analysis
classify,analysis
arrange,analysis
group,analysis
organize,analysis
examine,analysis
survey,analysis
dissect,analysis
inventory,analysis
question,analysis
test,contemplate
distinguish,contemplate
diagram,contemplate
point out,contemplate
synthesise,contemplate
compose,contemplate
plan,contemplate
propose,contemplate
produce,contemplate
invent,contemplate
develop,contemplate
design,contemplate
formulate,contemplate
arrange,contemplate
assemble,contemplate
construct,contemplate
create,contemplate
rewrite,contemplate
set up,contemplate
prepare,contemplate
imagine,contemplate
hypothesize,contemplate
incorporate,contemplate
generalize,contemplate
originate,contemplate
predict,contemplate
contrive,contemplate
systematize,contemplate
rearrange,contemplate
eliminate,contemplate
evaluate,contemplate
judge,contemplate
decide,contemplate
appraise,contemplate
evaluate,contemplate
rate,contemplate
compare,contemplate
value,contemplate
revise,contemplate
conclude,contemplate
select,contemplate
criticize,contemplate
assess,contemplate
measure,contemplate
estimate,contemplate
infer,contemplate
deduce,contemplate
score,contemplate
predict,contemplate
choose,contemplate
recommend,contemplate
